{"cameraMode":{"drawMode":0,"name":"Shaded","section":"Shading Mode"},"sceneLighting":true,"audioPlay":false,"sceneViewState":{"showFog":true,"showMaterialUpdate":false,"showSkybox":false,"showFlares":true,"showImageEffects":true,"showParticleSystems":true},"in2DMode":false,"pivot":{"x":-2.8957018852233888,"y":-0.8815442323684692,"z":0.5409910678863525},"rotation":{"x":0.11202942579984665,"y":-0.6639853119850159,"z":0.10158494114875794,"w":0.7323122024536133},"size":3.6878552436828615,"orthographic":false}